title,identifier,content
Footer Links Block - DE,footer_links_block-de,"<ul class=""footer links"">
    <li class=""nav item""><a href=""{{store url=""about-us""}}"">Über Luma</a></li>
    <li class=""nav item""><a href=""{{store url=""customer-service""}}"">Kundenservice</a></li>
</ul>
"
Contact us info - DE,contact-us-info-de,"<div class=""contact-info cms-content"">
   <p class=""cms-content-important"">Wir freuen uns, von Ihnen, unseren Luma-Kunden, zu hören. Bitte nehmen Sie jederzeit mit uns Kontakt auf, was auch immer Ihr Anliegen ist. Sei es Ihr neuestes Interesse, eine einzigartige Erfahrung zum Thema Gesundheit oder eine Anfrage nach einem bestimmten Produkt. Wir bemühen uns nach Kräften, Ihnen jedes Mal mit Luma ein unvergessliches Nutzererlebnis zu bieten.</p>
   <div class=""block block-contact-info"">
       <div class=""block-title"">
           <strong>Sie haben folgende Möglichkeiten, um mit uns in Kontakt zu treten:</strong>
       </div>
       <div class=""block-content"">
           <div class=""box box-phone"">
               <strong class=""box-title"">
                   <span>Telefon</span>
               </strong>
               <div class=""box-content"">
                   <span class=""contact-info-number"">1-800-403-8838</span>
                   <p>Wenden Sie sich an die Luma Helpline bei Bedenken, Produktfragen, Fragen zum Bestellstatus sowie für alle anderen Anfragen.</p>
               </div>
           </div>
           <div class=""box box-design-inquiries"">
               <strong class=""box-title"">
                   <span>Anfragen zum Kleidungsdesign:</span>
               </strong>
               <div class=""box-content"">
                   <p>Sind Sie ein unabhängiger Kleidungsdesigner? Präsentieren Sie Ihre Produkte auf der Luma-Website!  Bitte richten Sie alle Anfragen per E-Mail an:  <a href=""mailto:cs@luma.com"">cs@luma.com</a></p>
               </div>
           </div>
           <div class=""box box-press-inquiries"">
               <strong class=""box-title"">
                   <span>Presseanfragen:</span>
               </strong>
               <div class=""box-content"">
                   <p>Bitte richten Sie alle Presseanfragen per E-Mail an: <a href=""mailto:pr@luma.com"">pr@luma.com</a></p>
               </div>
           </div>
       </div>
   </div>
</div>
"
Sale Left Menu Block - DE,sale-left-menu-block-de,"<div class=""categories-menu""><strong class=""title""><span>Damen Sonderaktion</span></strong>
<ul class=""items"">
    <li class=""item""><a href=""{{category key=""hoodies-and-sweatshirts-women""}}"">Kapuzenshirts und Sweatshirts</a></li>
    <li class=""item""><a href=""{{category key=""jackets-women""}}"">Jacken</a></li>
    <li class=""item""><a href=""{{category key=""tees-women""}}"">T-Shirts</a></li>
    <li class=""item""><a href=""{{category key=""tanks-women""}}"">BHs & Tanktops</a></li>
    <li class=""item""><a href=""{{category key=""pants-women""}}"">Hosen</a></li>
    <li class=""item""><a href=""{{category key=""shorts-women""}}"">Shorts</a></li>
</ul>

<strong class=""title""><span>Herren Sonderaktion</span></strong>
<ul class=""items"">
    <li class=""item""><a href=""{{category key=""hoodies-and-sweatshirts-men""}}"">Kapuzenshirts und Sweatshirts</a></li>
    <li class=""item""><a href=""{{category key=""jackets-men""}}"">Jacken</a></li>
    <li class=""item""><a href=""{{category key=""tees-men""}}"">T-Shirts</a></li>
    <li class=""item""><a href=""{{category key=""pants-men""}}"">Hosen</a></li>
    <li class=""item""><a href=""{{category key=""shorts-men""}}"">Shorts</a></li>
</ul>

<strong class=""title""><span>Ausrüstung Sonderaktion</span></strong>
<ul class=""items"">
    <li class=""item""><a href=""{{category key=""bags""}}"">Taschen</a></li>
    <li class=""item""><a href=""{{category key=""fitness-equipment""}}"">Fitnessausrüstung</a></li>
</ul>
</div>"
Gear Left Menu Block - DE,gear-left-menu-block-de,"<div class=""categories-menu""><strong class=""title""><span></span></strong>
<ul class=""items"">
    <li class=""item""><a href=""{{category key=""bags""}}"">Taschen</a></li>
    <li class=""item""><a href=""{{category key=""fitness-equipment""}}"">Fitnessausrüstung</a></li>
    <li class=""item""><a href=""{{category key=""watches""}}"">Uhren</a></li>
</ul>
</div>"
Men Left Menu Block - DE,men-left-menu-block-de,"<div class=""categories-menu""><strong class=""title""><span>Tops</span></strong>
<ul class=""items"">
    <li class=""item""><a href=""{{category key=""hoodies-and-sweatshirts-men""}}"">Kapuzenshirts und Sweatshirts</a></li>
    <li class=""item""><a href=""{{category key=""jackets-men""}}"">Jacken</a></li>
    <li class=""item""><a href=""{{category key=""tees-men""}}"">T-Shirts</a></li>
    <li class=""item""><a href=""{{category key=""tanks-men""}}"">Tanks</a></li>
</ul>

<strong class=""title""><span>Beinkleidung</span></strong>
<ul class=""items"">
    <li class=""item""><a href=""{{category key=""pants-men""}}"">Hosen</a></li>
    <li class=""item""><a href=""{{category key=""shorts-men""}}"">Shorts</a></li>
</ul>
</div>"
Women Left Menu Block - DE,women-left-menu-block-de,"<div class=""categories-menu""><strong class=""title""><span>Tops</span></strong>
<ul class=""items"">
    <li class=""item""><a href=""{{category key=""hoodies-and-sweatshirts-women""}}"">Kapuzenshirts und Sweatshirts</a></li>
    <li class=""item""><a href=""{{category key=""jackets-women""}}"">Jacken</a></li>
    <li class=""item""><a href=""{{category key=""tees-women""}}"">T-Shirts</a></li>
    <li class=""item""><a href=""{{category key=""tanks-women""}}"">BHs & Tanktops</a></li>
</ul>

<strong class=""title""><span>Beinkleidung</span></strong>
<ul class=""items"">
    <li class=""item""><a href=""{{category key=""pants-women""}}"">Hosen</a></li>
    <li class=""item""><a href=""{{category key=""shorts-women""}}"">Shorts</a></li>
</ul>
</div>"
New Left Menu Block - DE,new-left-menu-block-de,"<div class=""categories-menu""><strong class=""title""><span>Neue Damen Produkte</span></strong>
<ul class=""items"">
    <li class=""item""><a href=""{{category key=""hoodies-and-sweatshirts-women""}}"">Kapuzenshirts und Sweatshirts</a></li>
    <li class=""item""><a href=""{{category key=""jackets-women""}}"">Jacken</a></li>
    <li class=""item""><a href=""{{category key=""tees-women""}}"">T-Shirts</a></li>
    <li class=""item""><a href=""{{category key=""tanks-women""}}"">BHs & Tanktops</a></li>
    <li class=""item""><a href=""{{category key=""pants-women""}}"">Hosen</a></li>
    <li class=""item""><a href=""{{category key=""shorts-women""}}"">Shorts</a></li>
</ul>

<strong class=""title""><span>Neue Herren Produkte</span></strong>
<ul class=""items"">
    <li class=""item""><a href=""{{category key=""hoodies-and-sweatshirts-men""}}"">Kapuzenshirts und Sweatshirts</a></li>
    <li class=""item""><a href=""{{category key=""jackets-men""}}"">Jacken</a></li>
    <li class=""item""><a href=""{{category key=""tees-men""}}"">T-Shirts</a></li>
    <li class=""item""><a href=""{{category key=""tanks-men""}}"">Tanktops</a></li>
    <li class=""item""><a href=""{{category key=""pants-men""}}"">Hosen</a></li>
    <li class=""item""><a href=""{{category key=""shorts-men""}}"">Shorts</a></li>
</ul>
</div>"
Women Block - DE,women-block-de,"<div class=""blocks-promo"">
    <a href=""{{category key=""women""}}"" class=""block-promo womens-main"">
        <img src=""{{media url=""wysiwyg/womens/womens-main.jpg""}}"" alt="""" />
        <span class=""content"">
            <span class=""info"">Neue Yoga Kollektion</span>
            <strong class=""title"">Yoga ist sehr alt<br />Kleidung sollte nicht sein</strong>
            <span class=""more button"">In Neue Yoga Stöbern</span>
        </span>
    </a>
    <div class=""block-promo-wrapper block-promo-2columns"">
        <a href=""{{category key=""tees-women""}}"" class=""block-promo womens-t-shirts"">
            <span class=""content"">
                <strong class=""title"">Tragen Sie jeden Tag Ihr Lieblings-T-Shirt</strong>
                <img src=""{{media url=""wysiwyg/womens/womens-t-shirts.png""}}"" alt="""" />
                <span class=""info"">Vier T-Shirts zum Preis von drei</span>
                <span class=""more icon"">Damen T-Shirts</span>
            </span>
        </a>
        <a href=""{{category key=""pants-women""}}"" class=""block-promo womens-pants"">
            <img src=""{{media url=""wysiwyg/womens/womens-pants.jpg""}}"" alt="""" />
            <span class=""content"">
                <strong class=""title"">Heiße Hosen<br />Heiße Angebote</strong>
                <span class=""info""><span>20% aus</span>alle Hosen wenn Sie heute bestellen*</span>
                <span class=""more icon"">In Hosen Stöbern</span>
            </span>
        </a>
    </div>
    <a href=""{{category key=""erin-recommends""}}"" class=""block-promo womens-erin"">
        <span class=""content"">
            <strong class=""title"">Was ist Erin tragen?</strong>
            <span class=""info"">Siehe Gründer Erin Renny Kleiderschrank Notwendigkeiten</span>
            <span class=""more icon"">In Erin Empfiehlt Stöbern</span>
        </span>
        <span class=""image""><img src=""{{media url=""wysiwyg/womens/womens-erin.jpg""}}"" alt="""" /></span>
    </a>
    <div class=""block-promo-wrapper block-promo-3columns"">
        <a href=""{{category key=""pants-women""}}"" class=""block-promo womens-category-pants"">
            <span class=""content"">
                <strong class=""title"">Luma hosen</strong>
                <span class=""info"">Hosen für Yoga, Fitness-Studio und im Freien</span>
                <span class=""more icon"">In Hosen Stöbern</span>
            </span>
            <span class=""image""><img src=""{{media url=""wysiwyg/womens/womens-category-pants.jpg""}}"" alt="""" /></span>
        </a>
        <a href=""{{category key=""shorts-women""}}"" class=""block-promo womens-category-shorts"">
            <span class=""content"">
                <strong class=""title"">Luma shorts</strong>
                <span class=""info"">Übung bequem</span>
                <span class=""more icon"">In Shorts Stöbern</span>
            </span>
            <span class=""image""><img src=""{{media url=""wysiwyg/womens/womens-category-shorts.jpg""}}"" alt="""" /></span>
        </a>
        <a href=""{{category key=""tanks-women""}}"" class=""block-promo womens-category-tanks"">
            <span class=""content"">
                <strong class=""title"">Luma BHs<br />Trägerhemden</strong>
                <span class=""info"">Machen Sie sich bereit für den Sommer</span>
                <span class=""more icon"">Jetzt Einkaufen</span>
            </span>
            <span class=""image""><img src=""{{media url=""wysiwyg/womens/womens-category-tanks.jpg""}}"" alt="""" /></span>
        </a>
    </div>
</div>
<div class=""content-heading"">
    <h2 class=""title"">Heiße Angebote</h2>
    <p class=""info"">Favoriten von Luma Shoppers</p>
</div>
{{widget type=""Magento\\CatalogWidget\\Block\\Product\\ProductsList"" products_per_page=""4"" products_per_page=""4"" products_count=""4"" template=""product/widget/content/grid.phtml"" conditions_encoded=""^[`1`:^[`type`:`Magento||CatalogWidget||Model||Rule||Condition||Combine`,`aggregator`:`all`,`value`:`1`,`new_child`:``^],`1--1`:^[`type`:`Magento||CatalogWidget||Model||Rule||Condition||Product`,`attribute`:`sku`,`operator`:`()`,`value`:`WS12, WT09, WH05, WP12`^]^]""}}
"
Training Block - DE,training-block-de,"<div class=""blocks-promo"">

    <a href=""{{category key=""training""}}"" class=""block-promo training-main"">
        <img src=""{{media url=""wysiwyg/training/training-main.jpg""}}"" alt="""" />
        <span class=""content"">
            <strong class=""title"">
                <span>Motivieren Sie sich. </span><br />
                <span>Ziele erreichen.</span><br />
                <span>Erhöhen Ehrgeiz.</span><br />
                <span>Maximal Fitness.</span><br />
                <span>Besseren Lebensstil.</span>
            </strong>
        </span>
    </a>
    <a href=""{{category key=""erin-recommends""}}"" class=""block-promo training-erin"">
        <img src=""{{media url=""wysiwyg/training/training-erin.jpg""}}"" alt="""" />
        <span class=""content"">
            <strong class=""title"">Vor Luma Schaffung, pro trainer Erin Renny half Weltklasse -Athleten optimale Fitness erreichen</strong>
            <span class=""info"">Hand von Erin ausgewählt, unsere Ausbildung Downloads spiegeln ein Engagement für Yoga, Gesundheit und Wellness.</span>
        </span>
    </a>
    <a href=""{{category key=""training-video""}}"" class=""block-promo training-on-demand"">
        <span class=""content"">
            <span class=""icon download""><span>Herunterladen</span></span>
            <strong class=""title"">Training, wann Sie möchten</strong>
            <span class=""info"">Luma-Downloads, die Sie inspirieren und herausfordern. <br />Ihr Platz, Ihr Tempo.</span>
            <span class=""more icon"">Videos</span>
        </span>
    </a>
</div>
<div class=""content-heading"">
    <h2 class=""title"">Top-Videos</h2>
    <p class=""info"">Sparen mit einem Luma-Abonnement</p>
</div>
{{widget type=""Magento\\CatalogWidget\\Block\\Product\\ProductsList"" products_count=""4"" template=""product/widget/content/grid.phtml"" conditions_encoded=""^[`1`:^[`type`:`Magento||CatalogWidget||Model||Rule||Condition||Combine`,`aggregator`:`all`,`value`:`1`,`new_child`:``^],`1--1`:^[`type`:`Magento||CatalogWidget||Model||Rule||Condition||Product`,`attribute`:`sku`,`operator`:`()`,`value`:`241-MB08, 240-LV05, 240-LV09, 240-LV07`^]^]""}}
"
Men Block - DE,men-block-de,"<div class=""blocks-promo"">
    <a href=""{{category key=""men""}}"" class=""block-promo mens-main"">
        <img src=""{{media url=""wysiwyg/mens/mens-main.jpg""}}"" alt="""" />
        <span class=""content"">
            <span class=""info"">Luma Leistung Stoffkollektion</span>
            <strong class=""title"">Gehen die extra Meile während auch sehr komfortabel</strong>
            <span class=""more button"">In Leistungsgewebe Stöbern</span>
        </span>
    </a>
    <div class=""block-promo-wrapper block-promo-2columns"">
        <a href=""{{category key=""tees-men""}}"" class=""block-promo mens-t-shirts"">
            <span class=""content"">
                <strong class=""title"">Geld sparen!</strong>
                <img src=""{{media url=""wysiwyg/mens/mens-t-shirts.png""}}"" alt="""" />
                <span class=""info"">Vier T-Shirts zum Preis von drei</span>
                <span class=""more icon"">In T-Shirts Stöbern</span>
            </span>
        </a>
        <a href=""{{category key=""pants-men""}}"" class=""block-promo mens-pants"">
            <img src=""{{media url=""wysiwyg/mens/mens-pants.jpg""}}"" alt="""" />
            <span class=""content"">
                <strong class=""title"">letzte Chance<br />groß zu sparen</strong>
                <span class=""info""><span>20% aus</span> auf alle Hosen</span>
                <span class=""more icon"">In Hosen Stöbern</span>
            </span>
        </a>
    </div>
    <div class=""block-promo-wrapper block-promo-3columns"">
        <a href=""{{category key=""shorts-men""}}"" class=""block-promo mens-category-shorts"">
            <span class=""content"">
                <strong class=""title"">Luma shorts</strong>
                <span class=""info"">Halten Sie es kühl</span>
                <span class=""more icon"">In Shorts stöbern</span>
            </span>
            <span class=""image""><img src=""{{media url=""wysiwyg/mens/mens-category-shorts.jpg""}}"" alt="""" /></span>
        </a>
        <a href=""{{category key=""tees-men""}}"" class=""block-promo mens-category-tees"">
            <span class=""content"">
                <strong class=""title"">Luma T-Shirts</strong>
                <span class=""info"">Schnappen Sie sich ein T-Shirt oder zwei!</span>
                <span class=""more icon"">In T-Shirts Stöbern</span>
            </span>
            <span class=""image""><img src=""{{media url=""wysiwyg/mens/mens-category-tees.jpg""}}"" alt="""" /></span>
        </a>
        <a href=""{{category key=""hoodies-and-sweatshirts-men""}}"" class=""block-promo mens-category-hoodies"">
            <span class=""content"">
                <strong class=""title"">Luma Kapuzenshirts</strong>
                <span class=""info"">Kleid für Fitness</span>
                <span class=""more icon"">In Kapuzenshirts Stöbern</span>
            </span>
            <span class=""image""><img src=""{{media url=""wysiwyg/mens/mens-category-hoodies.jpg""}}"" alt="""" /></span>
        </a>
    </div>
</div>
<div class=""content-heading"">
    <h2 class=""title"">Heiße Angebote</h2>
    <p class=""info"">Favoriten von Luma Shoppers</p>
</div>
{{widget type=""Magento\\CatalogWidget\\Block\\Product\\ProductsList"" products_per_page=""4"" products_count=""4"" template=""product/widget/content/grid.phtml"" conditions_encoded=""^[`1`:^[`type`:`Magento||CatalogWidget||Model||Rule||Condition||Combine`,`aggregator`:`all`,`value`:`1`,`new_child`:``^],`1--1`:^[`type`:`Magento||CatalogWidget||Model||Rule||Condition||Product`,`attribute`:`sku`,`operator`:`()`,`value`:`MT07, MH07, MSH03, MP03`^]^]""}}
"
Gear Block - DE,gear-block-de,"<div class=""blocks-promo"">
    <a href=""{{category key=""gear""}}"" class=""block-promo gear-main"">
        <img src=""{{media url=""wysiwyg/gear/gear-main.jpg""}}"" alt="""" />
        <span class=""content"">
            <strong class=""title"">Sparen Sie 20 % beim Kauf des </strong>
            <span class=""info"">Sprite Yoga Companion Kit</span>
            <span class=""more button"">In Yoga Stöbern</span>
        </span>
    </a>
    <div class=""block-promo-wrapper block-promo-2columns"">
        <a href=""{{category key=""fitness-equipment""}}"" class=""block-promo gear-fitnes"">
            <img src=""{{media url=""wysiwyg/gear/gear-fitnes.jpg""}}"" alt="""" />
            <span class=""content"">
                <strong class=""title"">Lockern</strong>
                <span class=""info"">Erweitern Sie Ihr Training mit Yoga- Riemen, Tonung Bänder, <br /> und Sprungseile</span>
                <span class=""more icon"">In Fitnessausrüstung Stöbern</span>
            </span>
        </a>
        <a href=""{{category key=""fitness-equipment""}}"" class=""block-promo gear-equipment"">
            <img src=""{{media url=""wysiwyg/gear/gear-equipment.jpg""}}"" alt="""" />
            <span class=""content"">
                <strong class=""title"">Auf Ihr Wohl!</strong>
                <span class=""info"">Luma Wasserflasche<br />Sparen Sie 70%</span>
                <span class=""note"">Geben Sie Promocode H20<br />bei der Kasse</span>
            </span>
        </a>
    </div>
    <div class=""block-promo-wrapper block-promo-3columns"">
        <a href=""{{category key=""bags""}}"" class=""block-promo gear-category-bags"">
            <span class=""content"">
                <strong class=""title"">Bunte Mischung</strong>
                <span class=""info"">Taschen für jeden Zweck und Anlass</span>
                <span class=""more icon"">In Taschen Stöbern</span>
            </span>
            <span class=""image""><img src=""{{media url=""wysiwyg/gear/gear-category-bags.jpg""}}"" alt="""" /></span>
        </a>
        <a href=""{{category key=""fitness-equipment""}}"" class=""block-promo gear-category-equipment"">
            <span class=""content"">
                <strong class=""title"">Bleiben Sie konzentriert</strong>
                <span class=""info"">Fitnessausrüstung für sämtliche Einsatzbereiche</span>
                <span class=""more icon"">In Fitnessausrüstung Stöbern</span>
            </span>
            <span class=""image""><img src=""{{media url=""wysiwyg/gear/gear-category-equipment.jpg""}}"" alt="""" /></span>
        </a>
        <a href=""{{category key=""watches""}}"" class=""block-promo gear-category-watches"">
            <span class=""content"">
                <strong class=""title"">Luma Uhren</strong>
                <span class=""info"">Halten Sie Schritt in Stil</span>
                <span class=""more icon"">In Uhren Stöbern</span>
            </span>
            <span class=""image""><img src=""{{media url=""wysiwyg/gear/gear-category-watches.jpg""}}"" alt="""" /></span>
        </a>
    </div>
</div>
<div class=""content-heading"">
    <h2 class=""title"">Heiße Angebote</h2>
    <p class=""info"">Favoriten von Luma Shoppers</p>
</div>
{{widget type=""Magento\\CatalogWidget\\Block\\Product\\ProductsList"" products_per_page=""4"" products_count=""4"" template=""product/widget/content/grid.phtml"" conditions_encoded=""^[`1`:^[`type`:`Magento||CatalogWidget||Model||Rule||Condition||Combine`,`aggregator`:`all`,`value`:`1`,`new_child`:``^],`1--1`:^[`type`:`Magento||CatalogWidget||Model||Rule||Condition||Product`,`attribute`:`sku`,`operator`:`()`,`value`:`24-MB02, 24-WB04, 24-UG06, 24-WG080`^]^]""}}
"
Sale Block - DE,sale-block-de,"<div class=""blocks-promo"">
    <a href=""{{category key=""women-sale""}}"" class=""block-promo sale-main"">
        <img src=""{{media url=""wysiwyg/sale/sale-main.jpg""}}"" alt="""" />
        <span class=""content"">
            <span class=""info"">Damen Sonderaktion</span>
            <strong class=""title"">Große Preise auf Hosen, Trägerhemden und BHs.</strong>
            <span class=""more button"">In Damen Sonderaktion Stöbern</span>
        </span>
    </a>
    <div class=""block-promo-wrapper block-promo-2columns"">
        <a href=""{{category key=""men-sale""}}"" class=""block-promo sale-mens"">
            <img src=""{{media url=""wysiwyg/sale/sale-mens.jpg""}}"" alt="""" />
            <span class=""content"">
                <strong class=""title"">Herren Sonderaktion</strong>
                <span class=""info"">Strecken Sie Ihre Fitnessbekleidung Budget</span>
                <span class=""more icon"">In Herren Sonderaktion Stöbern</span>
            </span>
        </a>
        <a href=""{{category key=""gear""}}"" class=""block-promo sale-women"">
            <img src=""{{media url=""wysiwyg/sale/sale-gear.jpg""}}"" alt="""" />
            <span class=""content"">
                <strong class=""title"">Ausrüstung Sonderaktion</strong>
                <span class=""info"">Fitnessausrüstung für sämtliche Einsatzbereiche</span>
                <span class=""more icon"">In Ausrüstung Stöbern</span>
            </span>
        </a>
    </div>
    <div class=""block-promo-wrapper block-promo-3columns"">
        <a class=""block-promo sale-20-off"">
            <span class=""content"">
                <strong class=""title"">20% aus</strong>
                <span class=""info"">bei einer Bestellung im Wert von 200 $</span>
            </span>
            <span class=""image""><img src=""{{media url=""wysiwyg/sale/sale-20-off.png""}}"" alt="""" /></span>
        </a>
        <a class=""block-promo sale-free-shipping"">
            <span class=""content"">
                <strong class=""title"">Kostenloser Versand für Bestellungen über 50 $</strong>
                <img src=""{{media url=""wysiwyg/sale/sale-free-shipping.png""}}"" alt="""" />
                <span class=""info"">Kaufen mehr, außer mehr</span>
            </span>
        </a>
        <a href=""{{category key=""tees-women""}}"" class=""block-promo sale-womens-t-shirts"">
            <span class=""content"">
                <strong class=""title"">Tragen Sie jeden Tag Ihr Lieblings-T-Shirt.</strong>
                <span class=""info"">Vier T-Shirts zum Preis von drei</span>
                <span class=""more icon"">T-Shirts Sonderaktion</span>
            </span>
            <span class=""image""><img src=""{{media url=""wysiwyg/womens/womens-t-shirts.png""}}"" alt="""" /></span>
        </a>
    </div>
</div>"
New Block - DE,new-block-de,"<div class=""blocks-promo"">
    <a href=""{{category key=""yoga-new""}}"" class=""block-promo new-main"">
        <img src=""{{media url=""wysiwyg/new/new-main.jpg""}}"" alt="""" />
        <span class=""content"">
            <span class=""info"">Neue Yoga Kollektion</span>
            <strong class=""title"">Alles, was Sie brauchen, um Ihr inneres Chi zu finden</strong>
            <span class=""more button"">In Neue Yoga Stöbern</span>
        </span>
    </a>

    <div class=""block-promo-wrapper block-promo-2columns"">
        <a href=""{{category key=""performance-new""}}"" class=""block-promo new-performance"">
            <img src=""{{media url=""wysiwyg/new/new-performance.jpg""}}"" alt="""" />
            <span class=""content"">
                <strong class=""title"">Wohin auch immer Ihr Tag Sie führt</strong>
                <span class=""info"">Kleidung aus mit atmungsaktiven, feuchtigkeitsableitenden Stoffen. </span>
                <span class=""more icon"">In Leistungsgewebe Stöbern</span>
            </span>
        </a>
        <a href=""{{category key=""eco-new""}}"" class=""block-promo new-eco"">
            <img src=""{{media url=""wysiwyg/new/new-eco.jpg""}}"" alt="""" />
            <span class=""content"">
                <strong class=""title"">Vielseitige Stile für jeden Anlass</strong>
                <span class=""info"">der umweltfreundlichen Bekleidung von Luma passt sowohl Körper und Geist </span>
                <span class=""more icon"">In Umweltfreundliche Stöbern</span>
            </span>
        </a>
    </div>
</div>
<div class=""content-heading"">
    <h2 class=""title"">Neu von Luma</h2>
    <p class=""info"">Grundlagen für die neue Saison</p>
</div>
{{widget type=""Magento\\CatalogWidget\\Block\\Product\\ProductsList"" products_per_page=""4"" products_count=""4"" template=""product/widget/content/grid.phtml"" conditions_encoded=""^[`1`:^[`type`:`Magento||CatalogWidget||Model||Rule||Condition||Combine`,`aggregator`:`all`,`value`:`1`,`new_child`:``^],`1--1`:^[`type`:`Magento||CatalogWidget||Model||Rule||Condition||Product`,`attribute`:`new`,`operator`:`==`,`value`:`1`^]^]""}}
"
Home Page Block - DE,home-page-block-de,"<div class=""blocks-promo"">
   <a href=""{{category key=""yoga-new""}}"" class=""block-promo home-main"">
       <img src=""{{media url=""wysiwyg/home/home-main.jpg""}}"" alt="""" />
       <span class=""content bg-white"">
           <span class=""info"">Neue Yoga Kollektion</span>
           <strong class=""title"">Ab jetzt bedeutet Mode immer auch Komfort</strong>
           <span class=""action more button""> In Neue Yoga Stöbern</span>
       </span>
   </a>
   <div class=""block-promo-wrapper block-promo-hp"">
       <a href=""{{category key=""pants-all""}}"" class=""block-promo home-pants"">
           <img src=""{{media url=""wysiwyg/home/home-pants.jpg""}}"" alt="""" />
           <span class=""content"">
               <strong class=""title"">20% aus</strong>
               <span class=""info"">alle Hosen wenn Sie heute bestellen*</span>
               <span class=""action more icon"">In Hosen Stöbern</span>
           </span>
       </a>
       <a href=""{{category key=""tees-all""}}"" class=""block-promo home-t-shirts"">
           <span class=""image""><img src=""{{media url=""wysiwyg/home/home-t-shirts.png""}}"" alt="""" /></span>
           <span class=""content"">
               <strong class=""title"">In einer Vielzahl von Farben und Stilen erhältlich</strong>
               <span class=""info"">Vier T-Shirts zum Preis von drei</span>
               <span class=""action more icon"">T-Shirts Sonderaktion</span>
           </span>
       </a>
       <a href=""{{category key=""erin-recommends""}}"" class=""block-promo home-erin"">
           <img src=""{{media url=""wysiwyg/home/home-erin.jpg""}}"" alt="""" />
           <span class=""content"">
               <strong class=""title"">Erin berät</strong>
               <span class=""info"">Siehe Gründer Erin Renny sagt ihr Favoriten</span>
               <span class=""action more icon"">In Erin Empfiehlt Stöbern</span>
           </span>
       </a>
       <a href=""{{category key=""performance-fabrics""}}"" class=""block-promo home-performance"">
           <img src=""{{media url=""wysiwyg/home/home-performance.jpg""}}"" alt="""" />
           <span class=""content bg-white"">
               <strong class=""title"">Wissenschaft trifft auf Performance</strong>
               <span class=""info"">Leichte Stoffe, die Sie nicht belasten</span>
               <span class=""action more icon"">In Leistungsgewebe Stöbern</span>
           </span>
       </a>
       <a href=""{{category key=""eco-friendly""}}"" class=""block-promo home-eco"">
           <img src=""{{media url=""wysiwyg/home/home-eco.jpg""}}"" alt="""" />
           <span class=""content bg-white"">
               <strong class=""title"">Feuchtigkeitsableitend. Mit Kühleffekt. Perfekt. </strong>
               <span class=""info"">Nachhaltige und bequeme umweltfreundliche Kleidung</span>
               <span class=""action more icon"">In Umweltfreundliche Stöbern</span>
           </span>
       </a>
   </div>
</div>
<div class=""content-heading"">
   <h2 class=""title"">Heiße Angebote</h2>
   <p class=""info"">Favoriten von Luma Shoppers</p>
</div>
{{widget type=""Magento\\CatalogWidget\\Block\\Product\\ProductsList"" products_per_page=""8"" products_count=""8"" template=""product/widget/content/grid.phtml"" conditions_encoded=""^[`1`:^[`type`:`Magento||CatalogWidget||Model||Rule||Condition||Combine`,`aggregator`:`all`,`value`:`1`,`new_child`:``^],`1--1`:^[`type`:`Magento||CatalogWidget||Model||Rule||Condition||Product`,`attribute`:`sku`,`operator`:`()`,`value`:`WS12, WT09, MT07, MH07, 24-MB02, 24-WB04, 241-MB08, 240-LV05`^]^]""}}
"
Performance Fabrics Block - DE,performance-fabrics-block-de,"<div class=""blocks-promo"">
   <div class=""block-promo collection-performance"">
       <img src=""{{media url=""wysiwyg/collection/collection-performance.jpg""}}"" alt="""" />
       <span class=""content"">
           <strong class=""title"">Du bist der beste</strong>
           <span class=""info"">Geben Sie eine Erklärung mit Luma Leistungssportbekleidung</span>
       </span>
   </div>
</div>
{{widget type=""Magento\\CatalogWidget\\Block\\Product\\ProductsList"" products_count=""5"" template=""product/widget/content/grid.phtml"" conditions_encoded=""^[`1`:^[`type`:`Magento||CatalogWidget||Model||Rule||Condition||Combine`,`aggregator`:`all`,`value`:`1`,`new_child`:``^],`1--1`:^[`type`:`Magento||CatalogWidget||Model||Rule||Condition||Product`,`attribute`:`performance_fabric`,`operator`:`==`,`value`:`1`^],`1--2`:^[`type`:`Magento||CatalogWidget||Model||Rule||Condition||Product`,`attribute`:`new`,`operator`:`==`,`value`:`1`^]^]""}}"
Eco Friendly Block - DE,eco-friendly-block-de,"<div class=""blocks-promo"">
    <div class=""block-promo collection-eco"">
        <img src=""{{media url=""wysiwyg/collection/collection-eco.jpg""}}"" alt="""" />
        <span class=""content"">
            <strong class=""title"">Umweltfreundlich, ego freundlich</strong>
            <span class=""info"">Recycling-Polyester, Hanf und Bio-Baumwolle Kleidung</span>
        </span>
    </div>
</div>
{{widget type=""Magento\\CatalogWidget\\Block\\Product\\ProductsList"" products_count=""5"" template=""product/widget/content/grid.phtml"" conditions_encoded=""^[`1`:^[`type`:`Magento||CatalogWidget||Model||Rule||Condition||Combine`,`aggregator`:`all`,`value`:`1`,`new_child`:``^],`1--1`:^[`type`:`Magento||CatalogWidget||Model||Rule||Condition||Product`,`attribute`:`eco_collection`,`operator`:`==`,`value`:`1`^],`1--2`:^[`type`:`Magento||CatalogWidget||Model||Rule||Condition||Product`,`attribute`:`new`,`operator`:`==`,`value`:`1`^]^]""}}
"
